{"joint_accuracy": 0.5399001045417586, "act_rec": 0.9613195493088628, "act_prec": 0.9613195493088628, "act_f1": 0.9613195493088628, "act_f1_stderr": 0.0020782763523543865, "slot_rec": 0.8624007936507937, "slot_prec": 0.885865688372567, "slot_f1": 0.8739757703714875, "slot_f1_stderr": 0.0033240613387831536, "request_slot_rec": 0.9169381107491856, "request_slot_prec": 0.9612195121951219, "request_slot_f1": 0.9385567992379138, "request_slot_f1_stderr": 0.003642585282982292, "object_rec": 0.4656467315716273, "object_prec": 0.46584110198970363, "object_f1": 0.46574389650135634, "object_f1_stderr": 0.005883411051884139}