{"joint_accuracy": 0.5474143008599364, "act_rec": 0.960772764754388, "act_prec": 0.9619058851279632, "act_f1": 0.9613389910419613, "act_f1_stderr": 0.0020929694112782047, "slot_rec": 0.8725062344139651, "slot_prec": 0.8928229665071771, "slot_f1": 0.8825476903673342, "slot_f1_stderr": 0.0032976100837074393, "request_slot_rec": 0.9158200290275762, "request_slot_prec": 0.9645859872611465, "request_slot_f1": 0.9395706663357738, "request_slot_f1_stderr": 0.003672191207577828, "object_rec": 0.46849276185069544, "object_prec": 0.4710331050228311, "object_f1": 0.4697594990749965, "object_f1_stderr": 0.005953727395362033}